{
    "usersTeam4":[
        {
            "id":1,
            "surname_paternal": "Jaramillo",
            "surname_maternal": "Salgado",
            "name": "Ricardo",
            "username": "rjaramillo",
            "password": "6720720054e9d24fbf6c20a831ff287e" 
        },
        {
            "id":2,
            "surname_paternal": "Jimenez",
            "surname_maternal": "Quingalombo",
            "name": "Dylan",
            "username": "dijimenez2",
            "password": "4f97319b308ed6bd3f0c195c176bbd77"
        },
        {
            "id":3,
            "surname_paternal": "Mejia",
            "surname_maternal": "Ramos",
            "name": "Jose",
            "username": "jmejia1",
            "password": "662eaa47199461d01a623884080934ab"
        },
        {
            "id":4,
            "surname_paternal": "Meneses",
            "surname_maternal": "Ortiz",
            "name": "Raul",
            "username": "rmeneses1",
            "password": "bc7a844476607e1a59d8eb1b1f311830"
        }
    ]
}